year,Forest_cover
1/1/2004,31.75811578
1/1/2005,31.71840605
1/1/2006,31.67869624
1/1/2007,31.63898643
1/1/2008,31.59927669
1/1/2009,31.55956688
1/1/2010,31.51985707
1/1/2011,31.48542048
1/1/2012,31.45095633
1/1/2013,31.41649211
1/1/2014,31.38202796
1/1/2015,31.34756381
1/1/2016,31.30928127
1/1/2017,31.2709988
1/1/2018,31.23271633
1/1/2019,31.19443378
1/1/2020,31.15615131
