year,Forest_cover
1/1/2004,33.40937663
1/1/2005,33.46604835
1/1/2006,33.52272007
1/1/2007,33.57939178
1/1/2008,33.6360635
1/1/2009,33.69273522
1/1/2010,33.74940694
1/1/2011,33.77947006
1/1/2012,33.80953318
1/1/2013,33.8395963
1/1/2014,33.86965942
1/1/2015,33.89972254
1/1/2016,33.89316332
1/1/2017,33.88660409
1/1/2018,33.88004487
1/1/2019,33.87348564
1/1/2020,33.86692641
